{
    "showDeveloperTools":  [
        {
            "key": "F12"
        },
        {
            "key": "Cmd-Opt-I",
            "platform": "mac"
        }
    ],
    "refreshWindow":  [
        {
            "key": "F5"
        },
        {
            "key": "Cmd-R",
            "platform": "mac"
        }
    ],
    "reloadWithoutUserExts":  [
        {
            "key": "Shift-F5"
        },
        {
            "key": "Cmd-Ctrl-R",
            "platform": "mac"
        }
    ]
}